{"optimizer": "RMSprop", "lr": 0.0017733797505942992, "epochs": 300, "auc_score": 0.9987244897959184, "average_precision": 0.9987684729064039, "training_time": 5.652663707733154}