{"optimizer": "RMSprop", "lr": 0.014374888323544392, "epochs": 400, "test_acc": 0.5380710659898477, "test_f1": 0.6996699669966996, "training_time": 677.5088360309601}