{"optimizer": "RMSprop", "lr": 0.0002614847917135568, "epochs": 200, "test_acc": 0.7270194986072424, "test_f1": 0.8419354838709677, "training_time": 23.23456382751465}