{"optimizer": "Adam", "lr": 0.017575961171587353, "epochs": 200, "test_acc": 0.2792689891490577, "test_f1": 0.43660714285714286, "training_time": 47.69600534439087}