{"optimizer": "Adam", "lr": 0.08321395787102749, "epochs": 200, "test_acc": 0.5714285714285714, "test_f1": 0.6233766233766234, "training_time": 2.9197640419006348}