{"optimizer": "RMSprop", "lr": 0.00981581920627815, "epochs": 300, "test_acc": 0.41025641025641024, "test_f1": 0.5818181818181819, "training_time": 12.145982027053833}