{"optimizer": "RMSprop", "lr": 0.07265825212040153, "epochs": 400, "test_acc": 0.7692307692307693, "test_f1": 0.8061949746160273, "training_time": 49.42333221435547}