{"optimizer": "Adam", "lr": 0.07102857292961766, "epochs": 300, "test_acc": 0.5769230769230769, "test_f1": 0.6316135506418907, "training_time": 3.106971263885498}