{"optimizer": "Adam", "lr": 0.07282292340792547, "epochs": 600, "test_acc": 0.6539440203562341, "test_f1": 0.7456145234729881, "training_time": 74.805655002594}