{"optimizer": "RMSprop", "lr": 0.07681831982377037, "epochs": 400, "test_acc": 0.5093062605752962, "test_f1": 0.6087604806813386, "training_time": 43.80450797080994}