{"optimizer": "RMSprop", "lr": 0.009872410087852073, "epochs": 300, "test_acc": 0.6607294317217981, "test_f1": 0.7445471431982956, "training_time": 36.7894024848938}