{"optimizer": "RMSprop", "lr": 3.489207147267644e-05, "epochs": 200, "auc_score": 0.9513579294314892, "average_precision": 0.9443540336638866, "training_time": 10.504754781723022}