{"optimizer": "RMSprop", "lr": 0.00012120258696270221, "epochs": 400, "test_acc": 0.6412213740458015, "test_f1": 0.7813953488372093, "training_time": 124.91468811035156}