{"optimizer": "RMSprop", "lr": 4.005964373643181e-05, "epochs": 300, "test_acc": 0.7367218732153056, "test_f1": 0.8337719729055791, "training_time": 208.76913595199585}