{"optimizer": "Adam", "lr": 0.0019022959359456266, "epochs": 200, "test_acc": 0.9991518235793045, "test_f1": 0.9991520451626038, "training_time": 211.96787428855896}