{"optimizer": "RMSprop", "lr": 0.006829666629569976, "epochs": 200, "test_acc": 0.6726039016115352, "test_f1": 0.7755105825450785, "training_time": 8.806528091430664}