{"optimizer": "RMSprop", "lr": 4.032588618430191e-05, "epochs": 300, "auc_score": 0.9987244897959184, "average_precision": 0.9987684729064039, "training_time": 7.7410266399383545}