{"optimizer": "Adam", "lr": 0.0011795683645630026, "epochs": 400, "test_acc": 0.7353760445682451, "test_f1": 0.7856918698637584, "training_time": 17.87667942047119}