{"optimizer": "Adam", "lr": 0.0003677357358619268, "epochs": 300, "auc_score": 0.9589179907788448, "average_precision": 0.9567394504805513, "training_time": 5.6713337898254395}