{"optimizer": "Adam", "lr": 0.045325117835197645, "epochs": 300, "test_acc": 0.5666666666666667, "test_f1": 0.6102707749766573, "training_time": 3.9783384799957275}