{"optimizer": "RMSprop", "lr": 0.001114390480400659, "epochs": 400, "test_acc": 0.7, "test_f1": 0.7047798606622137, "training_time": 38.56413197517395}