{"optimizer": "Adam", "lr": 0.00013058965776514988, "epochs": 300, "test_acc": 0.3018867924528302, "test_f1": 0.31294679479667176, "training_time": 3.0172221660614014}