{"optimizer": "RMSprop", "lr": 0.0004340198493445569, "epochs": 200, "auc_score": 0.9872448979591837, "average_precision": 0.9900372311086596, "training_time": 4.803974628448486}