{"optimizer": "RMSprop", "lr": 0.0005125537506940986, "epochs": 300, "auc_score": 0.8937951012596022, "average_precision": 0.8896549982235186, "training_time": 30.868462085723877}