{"optimizer": "Adam", "lr": 0.004904031298820981, "epochs": 200, "auc_score": 0.9789162596954897, "average_precision": 0.9811822730462129, "training_time": 13.10727334022522}