{"optimizer": "Adam", "lr": 0.024799457495323342, "epochs": 300, "test_acc": 0.5583756345177665, "test_f1": 0.6748735222010163, "training_time": 14.086420774459839}