{"optimizer": "RMSprop", "lr": 0.011964196581865403, "epochs": 300, "test_acc": 0.6259541984732825, "test_f1": 0.6803877651392417, "training_time": 12.465317487716675}