{"optimizer": "RMSprop", "lr": 0.00047671221372289855, "epochs": 400, "test_acc": 0.49056603773584906, "test_f1": 0.4985186721035778, "training_time": 8.34047269821167}