{"optimizer": "RMSprop", "lr": 0.058279182237705, "epochs": 200, "test_acc": 0.5714285714285714, "test_f1": 0.6233766233766234, "training_time": 1.6373190879821777}