{"optimizer": "RMSprop", "lr": 0.08215071753154429, "epochs": 300, "test_acc": 0.7142857142857143, "test_f1": 0.8333333333333333, "training_time": 1.9524562358856201}