{"optimizer": "Adam", "lr": 0.004291383961487499, "epochs": 300, "test_acc": 0.3974358974358974, "test_f1": 0.5571531272465852, "training_time": 3.051621437072754}