{"optimizer": "Adam", "lr": 0.0014296742748765023, "epochs": 200, "test_acc": 0.41025641025641024, "test_f1": 0.5818181818181819, "training_time": 10.808765411376953}