{"optimizer": "Adam", "lr": 0.09234761198148997, "epochs": 400, "test_acc": 0.37735849056603776, "test_f1": 0.5314908317831516, "training_time": 10.460469961166382}