{"optimizer": "RMSprop", "lr": 0.014528193626613934, "epochs": 200, "test_acc": 0.1320754716981132, "test_f1": 0.23333333333333334, "training_time": 3.966202735900879}