{"optimizer": "Adam", "lr": 0.0020403645695717012, "epochs": 200, "test_acc": 0.41025641025641024, "test_f1": 0.5818181818181819, "training_time": 6.411822319030762}