{"optimizer": "Adam", "lr": 0.0001932049684834409, "epochs": 300, "auc_score": 0.607211074715585, "average_precision": 0.7121522282702637, "training_time": 56.85967564582825}