{"optimizer": "RMSprop", "lr": 0.0002169897149375661, "epochs": 200, "test_acc": 0.7207310108509423, "test_f1": 0.8377032857616993, "training_time": 1171.6886603832245}