{"optimizer": "RMSprop", "lr": 0.01539785350951488, "epochs": 300, "test_acc": 0.6581849024597116, "test_f1": 0.771197597064939, "training_time": 171.6233696937561}