{"optimizer": "Adam", "lr": 0.008493489195810569, "epochs": 300, "auc_score": 0.9808673469387755, "average_precision": 0.9781207672740855, "training_time": 5.6608476638793945}