{"optimizer": "RMSprop", "lr": 2.767450419040633e-05, "epochs": 300, "auc_score": 0.5, "average_precision": 0.5, "training_time": 11.33211636543274}