{"optimizer": "RMSprop", "lr": 0.0007478767939011035, "epochs": 400, "test_acc": 0.5714285714285714, "test_f1": 0.6233766233766234, "training_time": 3.3060739040374756}