{"optimizer": "RMSprop", "lr": 0.0001472996341460542, "epochs": 200, "auc_score": 0.8789504645218873, "average_precision": 0.8795376628304374, "training_time": 11.326051950454712}