{"optimizer": "RMSprop", "lr": 0.0006334680805023961, "epochs": 300, "test_acc": 0.4666666666666667, "test_f1": 0.49714912280701756, "training_time": 4.595613479614258}