{"optimizer": "RMSprop", "lr": 0.008227894494789136, "epochs": 400, "test_acc": 0.7270194986072424, "test_f1": 0.8419354838709677, "training_time": 140.78976130485535}