{"optimizer": "Adam", "lr": 1.7934130864772233e-05, "epochs": 400, "test_acc": 0.5714285714285714, "test_f1": 0.6233766233766234, "training_time": 3.8796279430389404}