{"optimizer": "RMSprop", "lr": 0.01085410313351996, "epochs": 400, "test_acc": 0.36666666666666664, "test_f1": 0.481159420289855, "training_time": 59.684085845947266}