{"optimizer": "RMSprop", "lr": 0.010423150906404359, "epochs": 400, "test_acc": 0.41025641025641024, "test_f1": 0.5818181818181819, "training_time": 4.927029132843018}