{"optimizer": "RMSprop", "lr": 0.04031974578642993, "epochs": 200, "test_acc": 0.7207310108509423, "test_f1": 0.8377032857616993, "training_time": 104.21145629882812}