{"optimizer": "Adam", "lr": 0.01930058310221085, "epochs": 200, "test_acc": 0.7771587743732591, "test_f1": 0.7928195312619495, "training_time": 23.63806939125061}