{"optimizer": "RMSprop", "lr": 0.003454415033071141, "epochs": 300, "auc_score": 0.9872448979591837, "average_precision": 0.9886834043962411, "training_time": 4.713451147079468}