{"optimizer": "Adam", "lr": 0.0735822858813699, "epochs": 300, "test_acc": 0.5714285714285714, "test_f1": 0.6233766233766234, "training_time": 2.2044591903686523}