{"optimizer": "RMSprop", "lr": 0.0007185104458830732, "epochs": 200, "test_acc": 0.39622641509433965, "test_f1": 0.5675675675675675, "training_time": 13.220664978027344}