{"optimizer": "RMSprop", "lr": 0.01797930554647277, "epochs": 400, "test_acc": 0.2692307692307692, "test_f1": 0.28964992849517596, "training_time": 6.564883708953857}