{"optimizer": "Adam", "lr": 0.0032057705110056854, "epochs": 400, "test_acc": 0.9994288977727013, "test_f1": 0.9994290769565531, "training_time": 101.04683685302734}