{"optimizer": "RMSprop", "lr": 0.0009425964345031124, "epochs": 300, "auc_score": 0.9639058427929347, "average_precision": 0.9691950582055271, "training_time": 12.190842866897583}