{"optimizer": "RMSprop", "lr": 0.0965696491780088, "epochs": 200, "test_acc": 0.7298050139275766, "test_f1": 0.8424301250998858, "training_time": 69.15031266212463}