{"optimizer": "Adam", "lr": 0.0168095698618168, "epochs": 300, "test_acc": 0.23333333333333334, "test_f1": 0.37592592592592594, "training_time": 5.267406940460205}