{"optimizer": "RMSprop", "lr": 0.015262526707322912, "epochs": 400, "test_acc": 0.9056603773584906, "test_f1": 0.9132075471698115, "training_time": 8.285183906555176}