{"optimizer": "RMSprop", "lr": 0.09114682440836867, "epochs": 200, "test_acc": 0.9779474130619169, "test_f1": 0.9778814095149972, "training_time": 33.35290002822876}