{"optimizer": "Adam", "lr": 0.037435794329661584, "epochs": 200, "test_acc": 0.39622641509433965, "test_f1": 0.564486947531662, "training_time": 2.834584951400757}