{"optimizer": "RMSprop", "lr": 0.0018213026852837927, "epochs": 200, "test_acc": 0.7749576988155669, "test_f1": 0.7915305480864395, "training_time": 109.54051780700684}