{"optimizer": "RMSprop", "lr": 0.0003497604787562065, "epochs": 400, "test_acc": 0.7142857142857143, "test_f1": 0.8333333333333333, "training_time": 2.3264544010162354}