{"optimizer": "Adam", "lr": 0.06380172123258161, "epochs": 200, "test_acc": 0.9567430025445293, "test_f1": 0.9568961680530054, "training_time": 9.071315288543701}