{"optimizer": "RMSprop", "lr": 1.9222559461436386e-05, "epochs": 400, "test_acc": 0.5666666666666667, "test_f1": 0.5967086834733893, "training_time": 7.783344268798828}