{"optimizer": "RMSprop", "lr": 0.09711660050456113, "epochs": 300, "test_acc": 0.8443316412859561, "test_f1": 0.8545436448691152, "training_time": 28.64067578315735}