{"optimizer": "Adam", "lr": 0.01142798406665235, "epochs": 200, "test_acc": 0.7142857142857143, "test_f1": 0.8333333333333333, "training_time": 10.925636768341064}