{"optimizer": "RMSprop", "lr": 1.947547861112098e-05, "epochs": 300, "test_acc": 0.7142857142857143, "test_f1": 0.8333333333333333, "training_time": 1.7831072807312012}