{"optimizer": "Adam", "lr": 0.00023388880338506477, "epochs": 400, "test_acc": 0.39622641509433965, "test_f1": 0.5675675675675675, "training_time": 12.792653799057007}