{"optimizer": "RMSprop", "lr": 0.005003587037932668, "epochs": 400, "test_acc": 0.39622641509433965, "test_f1": 0.5675675675675675, "training_time": 89.35792565345764}