{"optimizer": "Adam", "lr": 0.0006669704333799636, "epochs": 400, "test_acc": 0.41025641025641024, "test_f1": 0.577397910731244, "training_time": 55.29580521583557}