{"optimizer": "Adam", "lr": 2.182454840436418e-05, "epochs": 200, "test_acc": 0.8133704735376045, "test_f1": 0.8453447530615703, "training_time": 67.89520978927612}