{"optimizer": "Adam", "lr": 0.042220958026334646, "epochs": 300, "test_acc": 0.8523676880222841, "test_f1": 0.8617468532421588, "training_time": 102.01528787612915}