{"optimizer": "Adam", "lr": 0.0004333630636311392, "epochs": 400, "test_acc": 0.7493036211699164, "test_f1": 0.8076784663596632, "training_time": 134.43140363693237}