{"optimizer": "RMSprop", "lr": 0.0008224052078299285, "epochs": 200, "test_acc": 0.6412213740458015, "test_f1": 0.7813953488372093, "training_time": 740.4852714538574}