{"optimizer": "Adam", "lr": 0.007338115723643402, "epochs": 400, "test_acc": 0.6410256410256411, "test_f1": 0.7015075973409307, "training_time": 49.51335787773132}