{"model": "TransR", "optimizer_name": "adamw", "embedding_dim": 300, "epochs": 200, "lr": 0.022209994548498042, "train_time": 901.9027719497681}