{"optimizer": "RMSprop", "lr": 1.6679939654595592e-05, "epochs": 200, "test_acc": 0.7142857142857143, "test_f1": 0.8333333333333333, "training_time": 34.75812268257141}