{"optimizer": "Adam", "lr": 4.544470895661302e-05, "epochs": 300, "test_acc": 0.6893203883495146, "test_f1": 0.7569776080078744, "training_time": 75.7548668384552}