{"optimizer": "RMSprop", "lr": 0.02247905767069079, "epochs": 400, "test_acc": 0.998303647158609, "test_f1": 0.9983045366109274, "training_time": 102.35488867759705}