{"optimizer": "RMSprop", "lr": 0.00014162605675567978, "epochs": 200, "auc_score": 0.9571980812725835, "average_precision": 0.9421324544547235, "training_time": 5.10579776763916}