{"optimizer": "Adam", "lr": 0.013085352685802175, "epochs": 300, "test_acc": 0.5380710659898477, "test_f1": 0.6996699669966996, "training_time": 45.5116171836853}