{"optimizer": "RMSprop", "lr": 0.011220502666501741, "epochs": 300, "test_acc": 0.5660377358490566, "test_f1": 0.6076369785429949, "training_time": 5.390628337860107}