{"optimizer": "Adam", "lr": 0.005721080661341116, "epochs": 300, "test_acc": 0.9811320754716981, "test_f1": 0.9816383704053736, "training_time": 38.63203525543213}