{"optimizer": "RMSprop", "lr": 0.02496236362925838, "epochs": 400, "test_acc": 0.39622641509433965, "test_f1": 0.5675675675675675, "training_time": 8.065558195114136}