{"optimizer": "Adam", "lr": 0.030947808241710038, "epochs": 200, "auc_score": 0.8868615359649478, "average_precision": 0.8715404733379328, "training_time": 12.167081117630005}