{"optimizer": "Adam", "lr": 5.9329281591886785e-05, "epochs": 200, "test_acc": 0.7142857142857143, "test_f1": 0.8333333333333333, "training_time": 1.6649200916290283}