{"optimizer": "Adam", "lr": 0.0004927538991351889, "epochs": 200, "test_acc": 0.8509423186750429, "test_f1": 0.8516628997466748, "training_time": 12.608325004577637}