{"optimizer": "RMSprop", "lr": 0.01336670726245868, "epochs": 400, "test_acc": 0.3333333333333333, "test_f1": 0.3916466675087365, "training_time": 8.744999170303345}