{"optimizer": "RMSprop", "lr": 0.013003516839157521, "epochs": 300, "test_acc": 0.5283018867924528, "test_f1": 0.5634720974343616, "training_time": 5.923197984695435}