{"optimizer": "Adam", "lr": 0.03511750039066473, "epochs": 400, "test_acc": 0.7207310108509423, "test_f1": 0.8377032857616993, "training_time": 35.65763521194458}