{"optimizer": "Adam", "lr": 0.0009881852504666552, "epochs": 300, "auc_score": 0.9744897959183673, "average_precision": 0.9851190476190476, "training_time": 5.180324077606201}