{"optimizer": "Adam", "lr": 0.008151631008334836, "epochs": 400, "test_acc": 0.8571428571428571, "test_f1": 0.9047619047619048, "training_time": 20.325135469436646}