{"optimizer": "RMSprop", "lr": 0.08902648464293225, "epochs": 800, "test_acc": 0.613934894346088, "test_f1": 0.6214693603976768, "training_time": 123.24951076507568}