{"optimizer": "RMSprop", "lr": 0.00020194215541541517, "epochs": 200, "auc_score": 0.9634036877763803, "average_precision": 0.9590077714969133, "training_time": 5.796205043792725}