{"optimizer": "RMSprop", "lr": 0.035798651428424394, "epochs": 200, "test_acc": 0.7142857142857143, "test_f1": 0.8333333333333333, "training_time": 1.1427791118621826}