{"optimizer": "RMSprop", "lr": 0.09783010250642749, "epochs": 300, "test_acc": 0.7207310108509423, "test_f1": 0.8377032857616993, "training_time": 16.459991216659546}