{"optimizer": "Adam", "lr": 0.0822691534162634, "epochs": 200, "test_acc": 0.7298050139275766, "test_f1": 0.8428036354199949, "training_time": 7.960049629211426}