{"optimizer": "RMSprop", "lr": 0.08864756300696479, "epochs": 200, "test_acc": 0.5714285714285714, "test_f1": 0.6233766233766234, "training_time": 2.3156325817108154}