{"optimizer": "RMSprop", "lr": 0.0003708437871925555, "epochs": 200, "test_acc": 0.6410256410256411, "test_f1": 0.6787686672302057, "training_time": 2.3555562496185303}