{"optimizer": "Adam", "lr": 0.031021666209478535, "epochs": 200, "test_acc": 0.3333333333333333, "test_f1": 0.35555555555555557, "training_time": 1.9804761409759521}