{"optimizer": "RMSprop", "lr": 0.003192605801323232, "epochs": 400, "test_acc": 0.6666666666666666, "test_f1": 0.7339374877836415, "training_time": 8.304357290267944}