{"optimizer": "RMSprop", "lr": 1.0668119540946791e-05, "epochs": 300, "auc_score": 0.9530191675444477, "average_precision": 0.9623516698604946, "training_time": 12.420764207839966}