{"optimizer": "RMSprop", "lr": 0.01698376212521853, "epochs": 200, "auc_score": 0.9752507261642568, "average_precision": 0.977365225425419, "training_time": 11.893787384033203}