{"optimizer": "RMSprop", "lr": 0.00273889475948058, "epochs": 200, "test_acc": 0.3333333333333333, "test_f1": 0.46622807017543866, "training_time": 5.588001012802124}