{"optimizer": "Adam", "lr": 0.04342952792386284, "epochs": 300, "test_acc": 0.9855810008481765, "test_f1": 0.9856403159879923, "training_time": 38.55941724777222}