{"optimizer": "Adam", "lr": 0.00827635629713852, "epochs": 400, "test_acc": 0.7614213197969543, "test_f1": 0.7773000250767649, "training_time": 22.358621835708618}