{"optimizer": "RMSprop", "lr": 4.0371280722398754e-05, "epochs": 200, "test_acc": 0.6412213740458015, "test_f1": 0.7813953488372093, "training_time": 31.03715944290161}