{"optimizer": "Adam", "lr": 0.0005564676225203673, "epochs": 200, "test_acc": 0.7270194986072424, "test_f1": 0.8419354838709677, "training_time": 377.1193947792053}