{"optimizer": "Adam", "lr": 0.0035575053458026524, "epochs": 200, "test_acc": 0.6692111959287532, "test_f1": 0.7767532558610146, "training_time": 207.89037108421326}