{"model": "TransE", "optimizer_name": "adam", "embedding_dim": 100, "epochs": 200, "lr": 0.001822958551171326, "train_time": 464.44040083885193}