{"optimizer": "RMSprop", "lr": 0.004349937513171961, "epochs": 400, "test_acc": 0.5651438240270727, "test_f1": 0.6657776412450384, "training_time": 38.68651866912842}