{"optimizer": "Adam", "lr": 0.05897750282513962, "epochs": 300, "test_acc": 0.5380710659898477, "test_f1": 0.6996699669966996, "training_time": 9.88197135925293}