{"optimizer": "Adam", "lr": 2.019346460912037e-05, "epochs": 300, "auc_score": 0.9792183759456095, "average_precision": 0.9813750336249608, "training_time": 13.64260482788086}