{"optimizer": "RMSprop", "lr": 2.529217993090538e-05, "epochs": 400, "test_acc": 0.5714285714285714, "test_f1": 0.6233766233766234, "training_time": 3.290717601776123}