{"optimizer": "RMSprop", "lr": 5.7736769979389395e-05, "epochs": 300, "test_acc": 0.358974358974359, "test_f1": 0.421413641849922, "training_time": 6.1760759353637695}