{"optimizer": "Adam", "lr": 0.004467314038909561, "epochs": 300, "test_acc": 0.6713091922005571, "test_f1": 0.7307187735438253, "training_time": 14.998555183410645}