{"optimizer": "RMSprop", "lr": 0.002343912581962615, "epochs": 300, "auc_score": 0.7673757940461945, "average_precision": 0.8110447242467121, "training_time": 47.26249718666077}