{"optimizer": "Adam", "lr": 0.0025120601127288874, "epochs": 200, "test_acc": 0.7446988973706531, "test_f1": 0.7898723521143101, "training_time": 96.40141296386719}