{"optimizer": "RMSprop", "lr": 0.08403417428297963, "epochs": 200, "auc_score": 0.5, "average_precision": 0.5, "training_time": 4.143779754638672}