{"optimizer": "RMSprop", "lr": 7.753404312833537e-05, "epochs": 200, "test_acc": 0.5380710659898477, "test_f1": 0.6996699669966996, "training_time": 110.58173871040344}