{"optimizer": "Adam", "lr": 0.00017479139480002133, "epochs": 300, "test_acc": 0.7142857142857143, "test_f1": 0.8333333333333333, "training_time": 18.820411205291748}