{"optimizer": "RMSprop", "lr": 0.00011149417541320782, "epochs": 300, "auc_score": 0.7391966455310292, "average_precision": 0.776674147319965, "training_time": 13.451104640960693}