{"optimizer": "Adam", "lr": 2.0499615261490415e-05, "epochs": 300, "test_acc": 0.5380710659898477, "test_f1": 0.6996699669966996, "training_time": 108.904789686203}