{"optimizer": "RMSprop", "lr": 0.006407364536308454, "epochs": 200, "test_acc": 0.7018846373500857, "test_f1": 0.7846478143954068, "training_time": 36.66845750808716}