{"optimizer": "RMSprop", "lr": 0.0002309430626163412, "epochs": 400, "test_acc": 0.6692111959287532, "test_f1": 0.7767532558610146, "training_time": 40.573610067367554}