{"optimizer": "RMSprop", "lr": 0.013774975944660844, "epochs": 200, "auc_score": 0.8482142857142856, "average_precision": 0.7957945795645048, "training_time": 6.82021689414978}