{"optimizer": "Adam", "lr": 0.006654108478549421, "epochs": 300, "test_acc": 0.5512820512820513, "test_f1": 0.5951374886765437, "training_time": 6.0884013175964355}