{"optimizer": "RMSprop", "lr": 0.004254599725659001, "epochs": 200, "test_acc": 0.7207310108509423, "test_f1": 0.8377032857616993, "training_time": 46.99569749832153}