{"optimizer": "RMSprop", "lr": 0.0005943001462004096, "epochs": 300, "test_acc": 0.8467966573816156, "test_f1": 0.8678746212794693, "training_time": 19.42215871810913}