{"optimizer": "RMSprop", "lr": 0.0045186980240290555, "epochs": 200, "test_acc": 0.5532994923857868, "test_f1": 0.6592196538290046, "training_time": 109.46177983283997}