{"optimizer": "RMSprop", "lr": 0.01873617630993182, "epochs": 300, "test_acc": 0.5380710659898477, "test_f1": 0.6996699669966996, "training_time": 117.92863249778748}