{"optimizer": "Adam", "lr": 0.03517973180014224, "epochs": 300, "test_acc": 0.36666666666666664, "test_f1": 0.39844444444444443, "training_time": 5.861150741577148}