{"optimizer": "RMSprop", "lr": 0.017773981728892004, "epochs": 200, "test_acc": 0.7142857142857143, "test_f1": 0.8333333333333333, "training_time": 3.7018370628356934}