{"optimizer": "Adam", "lr": 4.557529820390593e-05, "epochs": 200, "test_acc": 0.7270194986072424, "test_f1": 0.8419354838709677, "training_time": 11.485626220703125}