{"optimizer": "RMSprop", "lr": 0.00304743978001097, "epochs": 300, "test_acc": 0.8867924528301887, "test_f1": 0.8863115057343692, "training_time": 7.118570327758789}