{"optimizer": "RMSprop", "lr": 0.000925360239212908, "epochs": 300, "test_acc": 0.3076923076923077, "test_f1": 0.338294979252426, "training_time": 3.401639223098755}