{"optimizer": "RMSprop", "lr": 0.00047343631542139374, "epochs": 300, "test_acc": 0.39622641509433965, "test_f1": 0.3780182082068874, "training_time": 5.466017723083496}