{"optimizer": "Adam", "lr": 0.0072717355221439475, "epochs": 200, "test_acc": 0.3, "test_f1": 0.34766505636070855, "training_time": 4.1743738651275635}