{"optimizer": "RMSprop", "lr": 0.000297685847470986, "epochs": 300, "test_acc": 0.7142857142857143, "test_f1": 0.8333333333333333, "training_time": 5.125587463378906}