{"optimizer": "Adam", "lr": 0.003100098928193434, "epochs": 200, "auc_score": 0.9563939009224199, "average_precision": 0.9607159095719178, "training_time": 28.82292866706848}