{"optimizer": "RMSprop", "lr": 0.02273276148674804, "epochs": 200, "auc_score": 0.9415911500650289, "average_precision": 0.9313714946675066, "training_time": 4.9788737297058105}