{"optimizer": "Adam", "lr": 0.010803380172921246, "epochs": 200, "test_acc": 0.3, "test_f1": 0.4615384615384615, "training_time": 3.4571197032928467}