{"optimizer": "RMSprop", "lr": 1.0323733183020045e-05, "epochs": 300, "test_acc": 0.6429177268871925, "test_f1": 0.7763801484526106, "training_time": 302.3709444999695}