{"optimizer": "Adam", "lr": 0.040885820636036296, "epochs": 200, "auc_score": 0.9807613552938172, "average_precision": 0.9819278838875042, "training_time": 26.914458513259888}