{"optimizer": "Adam", "lr": 0.026224070842875532, "epochs": 300, "auc_score": 0.9570748306219318, "average_precision": 0.9453353443232174, "training_time": 8.350318431854248}