{"optimizer": "Adam", "lr": 0.019266540587312173, "epochs": 300, "test_acc": 0.724233983286908, "test_f1": 0.8348822486705496, "training_time": 5.9926230907440186}