{"optimizer": "RMSprop", "lr": 0.0013763332965499096, "epochs": 300, "test_acc": 0.7270194986072424, "test_f1": 0.8419354838709677, "training_time": 44.107160568237305}