{"optimizer": "Adam", "lr": 0.00015022622561614742, "epochs": 400, "test_acc": 0.5380710659898477, "test_f1": 0.6996699669966996, "training_time": 47.79699420928955}