{"optimizer": "Adam", "lr": 0.05123176606192256, "epochs": 400, "test_acc": 0.7298050139275766, "test_f1": 0.8424301250998858, "training_time": 8.714683532714844}