{"optimizer": "Adam", "lr": 0.0064221757953998, "epochs": 300, "test_acc": 0.7024557395773844, "test_f1": 0.7919461928527716, "training_time": 17.72917604446411}