{"optimizer": "RMSprop", "lr": 0.00026404506266711544, "epochs": 200, "test_acc": 0.6429177268871925, "test_f1": 0.7808929002334581, "training_time": 13.40968132019043}