{"optimizer": "RMSprop", "lr": 0.03154354062037861, "epochs": 400, "test_acc": 0.39622641509433965, "test_f1": 0.5675675675675675, "training_time": 17.525821208953857}