{"optimizer": "Adam", "lr": 0.05465438704070399, "epochs": 300, "test_acc": 0.32075471698113206, "test_f1": 0.3742680546519193, "training_time": 36.69098734855652}