{"optimizer": "RMSprop", "lr": 0.040227170033490633, "epochs": 400, "test_acc": 0.39622641509433965, "test_f1": 0.5675675675675675, "training_time": 5.625152349472046}