{"optimizer": "Adam", "lr": 0.005220963438197449, "epochs": 300, "test_acc": 0.4, "test_f1": 0.4447953216374269, "training_time": 32.02945518493652}