{"optimizer": "Adam", "lr": 0.04694467393647676, "epochs": 300, "auc_score": 0.9636192137612073, "average_precision": 0.9556501878599577, "training_time": 5.958128213882446}