{"optimizer": "Adam", "lr": 0.001126180749580219, "epochs": 200, "test_acc": 0.5714285714285714, "test_f1": 0.6233766233766234, "training_time": 1.4357326030731201}