{"optimizer": "Adam", "lr": 0.028877355029244156, "epochs": 300, "test_acc": 0.39622641509433965, "test_f1": 0.5031602603118124, "training_time": 3.0297703742980957}