{"optimizer": "Adam", "lr": 0.0946652008535209, "epochs": 300, "test_acc": 0.6412213740458015, "test_f1": 0.7783247905021357, "training_time": 45.70551919937134}