{"optimizer": "RMSprop", "lr": 0.0027657171564197175, "epochs": 300, "auc_score": 0.9795918367346939, "average_precision": 0.9818669690098261, "training_time": 4.63216233253479}