{"optimizer": "RMSprop", "lr": 0.0048023158580205475, "epochs": 300, "auc_score": 0.8427852042679216, "average_precision": 0.8100555924416574, "training_time": 19.075448989868164}