{"optimizer": "RMSprop", "lr": 0.02510670726257268, "epochs": 400, "test_acc": 0.001692047377326565, "test_f1": 0.0033783783783783786, "training_time": 47.55505895614624}