{"optimizer": "RMSprop", "lr": 0.0012842859060876919, "epochs": 200, "test_acc": 0.39622641509433965, "test_f1": 0.5198700670398783, "training_time": 5.610996246337891}