{"optimizer": "RMSprop", "lr": 0.06205952922753337, "epochs": 800, "test_acc": 0.5714285714285714, "test_f1": 0.6233766233766234, "training_time": 7.633997440338135}