{"optimizer": "RMSprop", "lr": 0.005964288629841532, "epochs": 400, "test_acc": 0.9991518235793045, "test_f1": 0.9991520451626038, "training_time": 398.4294068813324}