{"optimizer": "Adam", "lr": 0.015153700608375049, "epochs": 300, "test_acc": 0.8703597944031982, "test_f1": 0.8703192755570847, "training_time": 17.656071186065674}