{"optimizer": "RMSprop", "lr": 0.013784123238092688, "epochs": 400, "test_acc": 0.6666666666666666, "test_f1": 0.6805847953216374, "training_time": 38.37073540687561}