{"optimizer": "Adam", "lr": 0.07741993338277531, "epochs": 300, "auc_score": 0.7340033460587694, "average_precision": 0.777585277026789, "training_time": 14.782334089279175}