{"optimizer": "Adam", "lr": 0.022926553155830916, "epochs": 200, "test_acc": 0.7142857142857143, "test_f1": 0.7792207792207791, "training_time": 1.201176404953003}