{"optimizer": "Adam", "lr": 0.004959993881764972, "epochs": 200, "test_acc": 0.5714285714285714, "test_f1": 0.6233766233766234, "training_time": 4.463331699371338}