{"optimizer": "RMSprop", "lr": 0.018453198363683743, "epochs": 200, "test_acc": 0.5702199661590525, "test_f1": 0.6868825575671031, "training_time": 39.17283248901367}