{"optimizer": "RMSprop", "lr": 0.00522910734357729, "epochs": 400, "test_acc": 0.36666666666666664, "test_f1": 0.40789473684210525, "training_time": 4.9091057777404785}