{"model": "TransR", "optimizer_name": "adam", "embedding_dim": 100, "epochs": 100, "lr": 0.002646082468000799, "train_time": 40.77227735519409}