{"optimizer": "Adam", "lr": 0.004975966208444774, "epochs": 200, "test_acc": 0.544839255499154, "test_f1": 0.6384603881272986, "training_time": 10.243715524673462}