{"optimizer": "Adam", "lr": 0.01578591380076083, "epochs": 400, "test_acc": 0.912621359223301, "test_f1": 0.9182267433905444, "training_time": 60.92694878578186}