{"optimizer": "RMSprop", "lr": 0.052590278999547706, "epochs": 400, "test_acc": 0.6412213740458015, "test_f1": 0.7813953488372093, "training_time": 60.38591933250427}