{"optimizer": "Adam", "lr": 0.0005739130748040688, "epochs": 200, "test_acc": 0.6538461538461539, "test_f1": 0.7055425871215345, "training_time": 3.7470390796661377}