{"optimizer": "Adam", "lr": 0.08061301912650964, "epochs": 200, "test_acc": 0.3974358974358974, "test_f1": 0.5571531272465852, "training_time": 2.4931833744049072}