{"optimizer": "RMSprop", "lr": 0.0005390500015989212, "epochs": 200, "auc_score": 0.9860301445376941, "average_precision": 0.9770542782002849, "training_time": 14.928165197372437}