{"optimizer": "Adam", "lr": 0.006889718876444502, "epochs": 400, "test_acc": 0.8189509306260575, "test_f1": 0.827743663793773, "training_time": 84.36487913131714}