{"optimizer": "RMSprop", "lr": 0.00038627983763756874, "epochs": 300, "test_acc": 0.3018867924528302, "test_f1": 0.2874830435318781, "training_time": 4.719496011734009}