{"optimizer": "Adam", "lr": 0.04178139962060318, "epochs": 200, "auc_score": 0.9681122448979592, "average_precision": 0.9831536388140162, "training_time": 4.42277979850769}