{"optimizer": "RMSprop", "lr": 0.020963518003326347, "epochs": 300, "test_acc": 0.5499153976311336, "test_f1": 0.6924038083592656, "training_time": 55.42820119857788}