{"optimizer": "Adam", "lr": 0.049856950007527566, "epochs": 200, "test_acc": 0.43333333333333335, "test_f1": 0.48446869682567617, "training_time": 21.499314308166504}