{"optimizer": "Adam", "lr": 0.020974437665320214, "epochs": 300, "test_acc": 0.6, "test_f1": 0.6967320261437907, "training_time": 9.818181276321411}