{"optimizer": "Adam", "lr": 0.04120504795609299, "epochs": 200, "test_acc": 0.7270194986072424, "test_f1": 0.8419354838709677, "training_time": 11.167722702026367}