{"optimizer": "Adam", "lr": 0.0006836974411466272, "epochs": 400, "test_acc": 0.34615384615384615, "test_f1": 0.43003825884260677, "training_time": 53.74822497367859}