{"optimizer": "RMSprop", "lr": 0.00026103837001996666, "epochs": 400, "test_acc": 0.5363790186125211, "test_f1": 0.6970564338797081, "training_time": 37.304198265075684}