{"optimizer": "Adam", "lr": 0.08079712769264574, "epochs": 400, "test_acc": 0.9889737065309584, "test_f1": 0.9889942979733684, "training_time": 16.811145067214966}