{"optimizer": "Adam", "lr": 0.004441532716523142, "epochs": 300, "test_acc": 0.6415094339622641, "test_f1": 0.6460175234382753, "training_time": 3.117154836654663}