{"optimizer": "Adam", "lr": 0.010474730509926608, "epochs": 400, "test_acc": 0.5283018867924528, "test_f1": 0.5789285873589366, "training_time": 52.03114151954651}