{"optimizer": "RMSprop", "lr": 0.024980137573784613, "epochs": 400, "test_acc": 0.6282051282051282, "test_f1": 0.6724016848609082, "training_time": 4.100565433502197}