{"optimizer": "Adam", "lr": 0.040277626765439105, "epochs": 300, "test_acc": 0.7207310108509423, "test_f1": 0.8377032857616993, "training_time": 443.1408929824829}