{"optimizer": "RMSprop", "lr": 0.0010492010954126071, "epochs": 400, "test_acc": 0.7918781725888325, "test_f1": 0.7994135140462857, "training_time": 53.43581485748291}