{"optimizer": "RMSprop", "lr": 0.00046326669512646804, "epochs": 300, "test_acc": 0.41025641025641024, "test_f1": 0.5099174771588565, "training_time": 22.519389390945435}