{"optimizer": "RMSprop", "lr": 0.0001624356823248876, "epochs": 200, "test_acc": 0.8341793570219966, "test_f1": 0.8400384133531887, "training_time": 111.63086485862732}