{"optimizer": "Adam", "lr": 0.07062083844974278, "epochs": 300, "test_acc": 0.7465181058495822, "test_f1": 0.8004855859049917, "training_time": 5.823723077774048}