{"optimizer": "Adam", "lr": 0.05277526525926253, "epochs": 400, "test_acc": 1.0, "test_f1": 1.0, "training_time": 599.9402124881744}