{"optimizer": "RMSprop", "lr": 0.002793524201533396, "epochs": 300, "test_acc": 0.7270194986072424, "test_f1": 0.8419354838709677, "training_time": 56.703333616256714}