{"optimizer": "Adam", "lr": 0.00013380180253192925, "epochs": 400, "test_acc": 0.41025641025641024, "test_f1": 0.5818181818181819, "training_time": 8.469196557998657}