{"optimizer": "Adam", "lr": 0.0014769708112121267, "epochs": 300, "test_acc": 0.7142857142857143, "test_f1": 0.8333333333333333, "training_time": 6.0679168701171875}