{"optimizer": "Adam", "lr": 0.0017785185717628228, "epochs": 400, "test_acc": 0.7207310108509423, "test_f1": 0.8377032857616993, "training_time": 127.5776219367981}