{"optimizer": "RMSprop", "lr": 0.024239723832165702, "epochs": 300, "test_acc": 0.7270194986072424, "test_f1": 0.8419354838709677, "training_time": 18.994132041931152}