{"optimizer": "Adam", "lr": 0.006886506903803633, "epochs": 200, "test_acc": 0.41025641025641024, "test_f1": 0.5818181818181819, "training_time": 168.28708624839783}