{"optimizer": "RMSprop", "lr": 0.001309721938668747, "epochs": 200, "test_acc": 0.5617597292724196, "test_f1": 0.7013183188834721, "training_time": 88.96365547180176}