{"optimizer": "Adam", "lr": 0.011509217503433438, "epochs": 400, "test_acc": 0.7270194986072424, "test_f1": 0.8419354838709677, "training_time": 25.171714782714844}