{"optimizer": "Adam", "lr": 0.0006492996181900977, "epochs": 300, "test_acc": 0.2948717948717949, "test_f1": 0.37158567927798697, "training_time": 5.939320802688599}