{"optimizer": "RMSprop", "lr": 0.00025208329540676476, "epochs": 400, "test_acc": 0.8212450028555112, "test_f1": 0.8534520844223257, "training_time": 275.92210936546326}