{"optimizer": "RMSprop", "lr": 0.00388620810677287, "epochs": 400, "test_acc": 0.6412213740458015, "test_f1": 0.7813953488372093, "training_time": 22.97041916847229}