{"optimizer": "Adam", "lr": 2.1578606985512646e-05, "epochs": 300, "test_acc": 0.6514382402707276, "test_f1": 0.6981366621701461, "training_time": 14.821030855178833}