{"optimizer": "Adam", "lr": 0.00030917958498974136, "epochs": 400, "test_acc": 0.5714285714285714, "test_f1": 0.507936507936508, "training_time": 3.773390293121338}