{"optimizer": "RMSprop", "lr": 0.03710057067683972, "epochs": 200, "test_acc": 0.5380710659898477, "test_f1": 0.6996699669966996, "training_time": 46.82481646537781}