{"model": "TransR", "optimizer_name": "adam", "embedding_dim": 300, "epochs": 200, "lr": 0.00032380533252755403, "train_time": 2454.35533118248}