{"optimizer": "Adam", "lr": 0.046463427703354224, "epochs": 300, "test_acc": 0.9274700171330669, "test_f1": 0.9311447393701981, "training_time": 445.91789650917053}