{"optimizer": "RMSprop", "lr": 0.000695528681853554, "epochs": 800, "test_acc": 0.3064066852367688, "test_f1": 0.28081831322566536, "training_time": 33.64500379562378}