{"optimizer": "Adam", "lr": 0.0012524134226693114, "epochs": 200, "test_acc": 0.3, "test_f1": 0.4615384615384615, "training_time": 2.6602838039398193}