{"optimizer": "Adam", "lr": 0.0005896668565537617, "epochs": 300, "auc_score": 0.9658467382043895, "average_precision": 0.9553799340959219, "training_time": 6.765647888183594}