{"optimizer": "RMSprop", "lr": 0.09040529338776154, "epochs": 400, "test_acc": 0.6310432569974554, "test_f1": 0.6697509960067864, "training_time": 66.1771788597107}