{"optimizer": "Adam", "lr": 0.012935282430247481, "epochs": 300, "test_acc": 0.7715877437325905, "test_f1": 0.8230202808279163, "training_time": 19.297667503356934}