{"optimizer": "RMSprop", "lr": 0.029371472135557512, "epochs": 300, "test_acc": 0.6632739609838847, "test_f1": 0.7758582894405732, "training_time": 11.672996282577515}