{"optimizer": "RMSprop", "lr": 0.04159059484669765, "epochs": 300, "test_acc": 0.5666666666666667, "test_f1": 0.6128205128205129, "training_time": 2.9430904388427734}