{"optimizer": "Adam", "lr": 0.07058627738148411, "epochs": 200, "auc_score": 0.8629123604848323, "average_precision": 0.8485015591065647, "training_time": 5.766126394271851}