{"optimizer": "RMSprop", "lr": 0.03748079495616919, "epochs": 400, "test_acc": 0.41025641025641024, "test_f1": 0.5818181818181819, "training_time": 5.19662880897522}