{"optimizer": "RMSprop", "lr": 0.017483823611549425, "epochs": 300, "test_acc": 0.5333333333333333, "test_f1": 0.6507272727272728, "training_time": 5.6793413162231445}