{"optimizer": "Adam", "lr": 0.05846000546321987, "epochs": 200, "test_acc": 0.7207310108509423, "test_f1": 0.8377032857616993, "training_time": 20.653680562973022}