{"optimizer": "RMSprop", "lr": 0.00866262536432823, "epochs": 300, "test_acc": 0.6226415094339622, "test_f1": 0.6577487502015804, "training_time": 36.56704044342041}