{"optimizer": "RMSprop", "lr": 0.0006717151699817737, "epochs": 400, "test_acc": 0.33962264150943394, "test_f1": 0.39573331507036946, "training_time": 7.9859137535095215}