{"optimizer": "Adam", "lr": 0.07293001813679813, "epochs": 400, "test_acc": 0.9994288977727013, "test_f1": 0.9994287192755819, "training_time": 186.8147840499878}