{"optimizer": "RMSprop", "lr": 0.009860359999697952, "epochs": 400, "test_acc": 0.7783417935702199, "test_f1": 0.7919013695563223, "training_time": 77.06306385993958}