{"optimizer": "RMSprop", "lr": 0.09974175593916718, "epochs": 400, "test_acc": 0.6333333333333333, "test_f1": 0.6794871794871794, "training_time": 4.21268367767334}