{"optimizer": "Adam", "lr": 0.002469878433736078, "epochs": 300, "test_acc": 0.42857142857142855, "test_f1": 0.42857142857142855, "training_time": 15.893384456634521}