{"optimizer": "Adam", "lr": 0.06094966735952019, "epochs": 300, "test_acc": 0.7142857142857143, "test_f1": 0.8333333333333333, "training_time": 6.538281202316284}