{"optimizer": "Adam", "lr": 0.0015176736017424332, "epochs": 300, "test_acc": 0.33962264150943394, "test_f1": 0.3441617328017263, "training_time": 2.995290517807007}