{"optimizer": "RMSprop", "lr": 0.022988019274567856, "epochs": 200, "auc_score": 0.9866495211127592, "average_precision": 0.9785237757197672, "training_time": 17.53766965866089}