{"optimizer": "RMSprop", "lr": 6.870418989341201e-05, "epochs": 300, "test_acc": 0.7019498607242339, "test_f1": 0.7604938562888411, "training_time": 13.831127643585205}