{"optimizer": "Adam", "lr": 0.00010456496625613222, "epochs": 200, "auc_score": 0.9894795046156927, "average_precision": 0.9852058989911904, "training_time": 12.971751689910889}