{"optimizer": "RMSprop", "lr": 5.988577706699182e-05, "epochs": 300, "test_acc": 0.6768802228412256, "test_f1": 0.749157391185624, "training_time": 5.83340048789978}